Red_Pill_Archetype,High_Probability_Career_Path
Alpha Female,CEO/Executive Leadership
Alpha Female,Corporate Director
Alpha Female,Investment Banking (Senior)
Alpha Female,Fashion Executive
Alpha Female,Luxury Brand Director
Alpha Female,Media Personality
Alpha Female,High-End Real Estate
Alpha Female,Celebrity Manager
Alpha Female,Elite Event Planner
Alpha Female,Art Gallery Director
Alpha Female,Fashion Designer (Luxury)
Alpha Female,Celebrity Stylist
Alpha Female,Public Relations Executive
Alpha Female,Influencer (Elite Lifestyle)
Alpha-Xi Female,Judge
Alpha-Xi Female,Corporate General Counsel
Alpha-Xi Female,Investment Fund Manager
Alpha-Xi Female,Board Director
Alpha-Xi Female,Venture Capital Partner
Alpha-Xi Female,Executive Recruiter (C-Suite)
Alpha-Xi Female,Strategic Advisor
Alpha-Xi Female,Private Equity Partner
Alpha-Xi Female,Elite Headhunter
Alpha-Xi Female,Mergers & Acquisitions Director
Alpha-Xi Female,Corporate Strategy Director
Alpha-Xi Female,Family Office Manager
Alpha-Unicorn Female,Stay-at-Home Wife (Elite)
Alpha-Unicorn Female,Philanthropist
Alpha-Unicorn Female,Non-Profit Director (Family Foundation)
Alpha-Unicorn Female,Interior Designer (High-End)
Alpha-Unicorn Female,Event Host (Elite Social)
Alpha-Unicorn Female,Art Collector/Curator
Alpha-Unicorn Female,Cultural Ambassador
Alpha-Unicorn Female,Society Columnist
Alpha-Unicorn Female,Charity Gala Organizer
Alpha-Unicorn Female,Lifestyle Blogger (Traditional)
Alpha-Unicorn Female,Family Office Advisor
Alpha-Unicorn Female,Estate Manager
Alpha-Iota Female,Marriage & Family Therapist
Alpha-Iota Female,Relationship Coach
Alpha-Iota Female,Wedding Planner (Luxury)
Alpha-Iota Female,Family Mediator
Alpha-Iota Female,Wellness Coach
Alpha-Iota Female,Life Balance Consultant
Alpha-Iota Female,Couples Counselor
Alpha-Iota Female,Family Services Director
Alpha-Iota Female,Holistic Health Practitioner
Alpha-Iota Female,Relationship Educator
Alpha-Iota Female,Parenting Coach (High-End)
Alpha-Iota Female,Lifestyle Curator
Dark Alpha Female,Competitive Litigator
Dark Alpha Female,Political Operative
Dark Alpha Female,Aggressive Sales Executive
Dark Alpha Female,Hostile Negotiator
Dark Alpha Female,Crisis Manager (Aggressive)
Dark Alpha Female,Media Manipulator
Dark Alpha Female,High-Pressure Recruiter
Dark Alpha Female,Competitive Trader
Dark Alpha Female,Reputation Manager (Aggressive)
Dark Alpha Female,Investigative Journalist (Confrontational)
Dark Alpha Female,Corporate Raider
Dark Alpha Female,Hostile HR Director
Beta Female,Administrative Assistant
Beta Female,Receptionist
Beta Female,Customer Service Representative
Beta Female,Retail Associate
Beta Female,Data Entry Clerk
Beta Female,Office Coordinator
Beta Female,Medical Receptionist
Beta Female,Bank Teller
Beta Female,Salon Receptionist
Beta Female,Call Center Representative
Beta Female,Waitress
Beta Female,Retail Manager
Beta Female,Personal Assistant
Beta Female,Executive Assistant
Beta-Nu Female,Stay-at-Home Mother
Beta-Nu Female,Elementary School Teacher
Beta-Nu Female,Church Secretary
Beta-Nu Female,Sunday School Teacher
Beta-Nu Female,Home Economics Teacher
Beta-Nu Female,Traditional Homemaker
Beta-Nu Female,Community Volunteer Coordinator
Beta-Nu Female,Part-Time Retail (Family Hours)
Beta-Nu Female,School Cafeteria Worker
Beta-Nu Female,Daycare Assistant
Beta-Nu Female,Church Choir Director
Beta-Nu Female,Homeschool Educator
Beta-Nu Female,Traditional Crafts Instructor
Beta-Kappa Female,Social Media Manager (Personal Brand)
Beta-Kappa Female,Instagram Influencer
Beta-Kappa Female,OnlyFans Creator
Beta-Kappa Female,Bottle Service/Club Promoter
Beta-Kappa Female,High-End Escort Services
Beta-Kappa Female,Sugar Baby (Professional)
Beta-Kappa Female,Luxury Retail (Commission-Based)
Beta-Kappa Female,Dating Coach (Transactional)
Beta-Kappa Female,Image Consultant
Beta-Kappa Female,Personal Shopper (Elite)
Beta-Kappa Female,Party Promoter
Beta-Kappa Female,Matchmaker (High-End)
Beta-Rho Female,Midwife
Beta-Rho Female,Doula
Beta-Rho Female,Lactation Consultant
Beta-Rho Female,Birth Educator
Beta-Rho Female,Pediatric Nurse
Beta-Rho Female,NICU Nurse
Beta-Rho Female,Daycare Director
Beta-Rho Female,Preschool Teacher
Beta-Rho Female,Family Physician
Beta-Rho Female,Obstetrics Nurse
Beta-Rho Female,Parenting Educator
Beta-Rho Female,Child Life Specialist
Beta-Rho Female,Maternal Health Advocate
Beta-Rho Female,Foster Care Director
Gamma Female,Research Scientist
Gamma Female,University Professor
Gamma Female,Data Scientist
Gamma Female,Software Engineer
Gamma Female,Mathematician
Gamma Female,Physicist
Gamma Female,Academic Researcher
Gamma Female,Technical Writer
Gamma Female,Librarian (Research)
Gamma Female,Archivist
Gamma Female,Museum Curator
Gamma Female,Literary Critic
Gamma Female,Independent Scholar
Gamma Female,Intellectual Blogger
Gamma-Theta Female,Spiritual Teacher
Gamma-Theta Female,Psychic/Medium
Gamma-Theta Female,Tarot Reader
Gamma-Theta Female,Astrologer
Gamma-Theta Female,Yoga Instructor (Advanced)
Gamma-Theta Female,Meditation Teacher
Gamma-Theta Female,Alternative Healer
Gamma-Theta Female,Energy Worker
Gamma-Theta Female,Life Coach (Spiritual)
Gamma-Theta Female,Oracle/Intuitive
Gamma-Theta Female,Reiki Master
Gamma-Theta Female,Shamanic Practitioner
Gamma-Theta Female,Mystical Studies Teacher
Gamma-Theta Female,Retreat Leader
Gamma-Feminist Female,Gender Studies Professor
Gamma-Feminist Female,Feminist Activist
Gamma-Feminist Female,Women's Rights Attorney
Gamma-Feminist Female,Political Organizer (Progressive)
Gamma-Feminist Female,Non-Profit Director (Women's Issues)
Gamma-Feminist Female,Diversity & Inclusion Director
Gamma-Feminist Female,Social Justice Advocate
Gamma-Feminist Female,LGBTQ+ Rights Activist
Gamma-Feminist Female,Policy Analyst (Gender Equity)
Gamma-Feminist Female,Documentary Filmmaker (Social Issues)
Gamma-Feminist Female,Feminist Writer/Blogger
Gamma-Feminist Female,Women's Health Advocate
Gamma-Feminist Female,Progressive Political Candidate
Gamma-Feminist Female,Academic Feminist Theorist
Dark Gamma Female,Whistleblower
Dark Gamma Female,Investigative Journalist (Expos√©)
Dark Gamma Female,True Crime Writer
Dark Gamma Female,Forensic Psychologist
Dark Gamma Female,Criminal Defense Attorney
Dark Gamma Female,Dark Psychology Researcher
Dark Gamma Female,Underground Journalist
Dark Gamma Female,Counter-Culture Artist
Dark Gamma Female,Conspiracy Researcher
Dark Gamma Female,Alternative Media Producer
Dark Gamma Female,Cult Deprogrammer
Dark Gamma Female,Trauma Therapist (Dark Specialization)
Delta Female,Stay-at-Home Mother
Delta Female,Homemaker
Delta Female,Daycare Provider
Delta Female,Home Health Aide
Delta Female,Caregiver
Delta Female,Elder Care Provider
Delta Female,Domestic Worker
Delta Female,Nanny
Delta Female,House Cleaner
Delta Female,Cook/Private Chef (Home)
Delta Female,Personal Caregiver
Delta Female,Foster Parent
Delta Female,Family Support Specialist
Delta Female,Home Care Nurse
Delta-Mu Female,Elementary Teacher (Nurturing)
Delta-Mu Female,Kindergarten Teacher
Delta-Mu Female,Pediatric Nurse
Delta-Mu Female,Art Therapist
Delta-Mu Female,Music Therapist
Delta-Mu Female,Special Education Teacher
Delta-Mu Female,Child Psychologist
Delta-Mu Female,Youth Counselor
Delta-Mu Female,Montessori Teacher
Delta-Mu Female,Play Therapist
Delta-Mu Female,Children's Book Author
Delta-Mu Female,Child Development Specialist
Delta-Mu Female,Family Therapist (Child-Focused)
Delta-Mu Female,Pediatric Occupational Therapist
Dark Delta Female,Hospice Nurse
Dark Delta Female,Palliative Care Worker
Dark Delta Female,Crisis Hotline Counselor
Dark Delta Female,Victim Advocate
Dark Delta Female,Domestic Violence Counselor
Dark Delta Female,Addiction Counselor
Dark Delta Female,Grief Counselor
Dark Delta Female,Trauma Nurse
Dark Delta Female,Social Worker (High-Trauma Cases)
Dark Delta Female,Suicide Prevention Counselor
Dark Delta Female,Emergency Room Nurse
Dark Delta Female,Burn Unit Nurse
Dark Delta Female,Oncology Nurse
Dark Delta Female,End-of-Life Doula
Sigma Female,Independent Consultant
Sigma Female,Freelance Creative
Sigma Female,Solo Entrepreneur
Sigma Female,Remote Software Developer
Sigma Female,Digital Nomad
Sigma Female,Self-Published Author
Sigma Female,Independent Artist
Sigma Female,Freelance Journalist
Sigma Female,Solo Photographer
Sigma Female,Independent Researcher
Sigma Female,Freelance Designer
Sigma Female,Travel Blogger
Sigma Female,Independent Financial Advisor
Sigma Female,Solo Content Creator
Sigma Female,Virtual Assistant Business Owner
Sigma-Feminist Female,Independent Business Owner (Women-Focused)
Sigma-Feminist Female,Feminist Entrepreneur
Sigma-Feminist Female,Women's Self-Defense Instructor
Sigma-Feminist Female,Financial Independence Coach
Sigma-Feminist Female,Solo Law Practice (Women's Rights)
Sigma-Feminist Female,Independent Filmmaker (Feminist)
Sigma-Feminist Female,Women's Empowerment Speaker
Sigma-Feminist Female,Self-Sufficiency Coach
Sigma-Feminist Female,Female Entrepreneurship Consultant
Sigma-Feminist Female,Women's Business Network Founder
Sigma-Feminist Female,Independent Political Strategist
Sigma-Feminist Female,Childfree Lifestyle Advocate
Sigma-Feminist Female,Female Financial Educator
Dark Sigma-Zeta Female,Radical Activist
Dark Sigma-Zeta Female,Underground Organizer
Dark Sigma-Zeta Female,Hacktivist
Dark Sigma-Zeta Female,Revolutionary Writer
Dark Sigma-Zeta Female,Anti-Establishment Artist
Dark Sigma-Zeta Female,Guerrilla Journalist
Dark Sigma-Zeta Female,Disruptive Entrepreneur
Dark Sigma-Zeta Female,Anarchist Organizer
Dark Sigma-Zeta Female,System Critic
Dark Sigma-Zeta Female,Counter-Intelligence Operative
Dark Sigma-Zeta Female,Whistleblower (High-Profile)
Dark Sigma-Zeta Female,Radical Feminist Activist
Dark Sigma-Zeta Female,Revolutionary Theorist
Omega Female,Remote Data Entry
Omega Female,Isolated Freelancer (Low-Skill)
Omega Female,Online Transcriptionist
Omega Female,Night Shift Worker (Minimal Contact)
Omega Female,Online Moderator
Omega Female,Remote Customer Service
Omega Female,Hobbyist Seller (Online)
Omega Female,Part-Time Gig Worker
Omega Female,Social Media Lurker (Monetized)
Omega Female,Low-Interaction Delivery
Omega Female,Remote Survey Taker
Omega Female,Online Tutor (Isolated)
Omega Female,Virtual Data Processor
Dark Omega Female,Destructive Online Content Creator
Dark Omega Female,Scam Participant
Dark Omega Female,Rage-Bait Content Producer
Dark Omega Female,Conspiracy Content Creator
Dark Omega Female,Online Catfisher
Dark Omega Female,MLM Predator
Dark Omega Female,Exploitation Scheme Participant
Dark Omega Female,Destructive Influencer
Dark Omega Female,Troll-for-Hire
Dark Omega Female,Chaos Agent (Online)
Dark Omega Female,False Accusation Facilitator
Dark Omega Female,Online Manipulator
Phi Female,Enlightened Spiritual Leader
Phi Female,Meditation Master
Phi Female,Monastery Leader
Phi Female,Spiritual Guru
Phi Female,Transcendental Teacher
Phi Female,Awakened Healer
Phi Female,Sage/Mystic
Phi Female,Liberation Guide
Phi Female,Ascended Master Teacher
Phi Female,Beyond-Society Hermit Scholar
